@aci,gs://lc-578879-kf9s6wmj/from_customer/
@adi,gs://lc-577379-cys6n014/from_customer/
@agr,gs://lc-577349-2f3yjyr0/from_customer/
@ami,gs://lc-577509-aqrjhr8p/from_customer/
@asm,gs://lc-578239-d2pbbl1w/from_customer/
@atr,gs://lc-578259-fnm7rgoq/from_customer/
@brm,gs://lc-579839-y5xvd7ot/from_customer/
@crl,gs://lc-586019-0omzk9ol/from_customer/
@dci,gs://lc-578109-71yq11d1/from_customer/
@ddi,gs://lc-578099-ez7g1rpr/from_customer/
@dli,gs://lc-577879-bs5x9ufw/from_customer/
@dmp,gs://lc-578229-r82qgsd1/from_customer/
@efx,gs://lc-576369-q68xc7jq/from_customer/
@fis,gs://lc-576359-7hvcftty/from_customer/
@gdc,gs://lc-578119-61ahqj51/from_customer/
@gsi,gs://lc-577399-c8qw002m/from_customer/
@ibi,gs://lc-580769-uoam7c8a/from_customer/
@icd,gs://lc-589189-oxt6i6mk/from_customer/
@jeb,gs://lc-577499-2sc6ievc/from_customer/
@keo,gs://lc-577619-1yxhumzy/from_customer/
@lhc,gs://lc-578129-4k7gpmnj/from_customer/
@mdc,gs://lc-580539-4faytr2u/from_customer/
@mmi,gs://lc-577519-9ou69aci/from_customer/
@nis,gs://lc-588879-uxto3kon/from_customer/
@sma,gs://lc-578179-nu983zf2/from_customer/
@str,gs://lc-577389-e3vmb7yu/from_customer/
@thr,gs://lc-577409-nkedw6xb/from_customer/
@tiq,gs://lc-577629-9idb2zl7/from_customer/
@twr,gs://lc-583499-p8t0lga3/from_customer/
@vai,gs://lc-578589-du2rfozb/from_customer/
@vtg,gs://lc-578249-1pueyvqk/from_customer/
@wcl,gs://lc-577419-zzxgjnes/from_customer/